run_name,dev_wer,dev_cer,test_wer,test_cer,test_rtf
hubert_1h_finetune6_hf_cuda,0.3161647184911541,0.10337170914718338,0.31962760670146073,0.10638074476267742,0.0010640692303705674
hubert_1h_frozen_hf_cuda,0.6564346967637368,0.22841774697418793,0.6626673286407162,0.23196291438489755,0.00199827478181796
mel_1h_hf_cuda,1.0,1.0,1.0,1.0,4.828647740860351e-05
wav2vec2_1h_finetune6_hf_cuda,0.6784375506299437,0.26367126412464403,0.6831015225729258,0.27130197534752337,0.0010835677346892909
wav2vec2_1h_frozen_hf_cuda,0.9887200460880023,0.6422618897123852,0.9862372300401377,0.6403936377896218,0.0021771905527774686
wav2vec2_1h_layer0_hf_cuda,0.9748298903648106,0.5857895959081466,0.9736719813940633,0.5818929933946153,0.002160230130450762
wav2vec2_1h_layer3_hf_cuda,0.9129873472719402,0.41175723911686446,0.9146356594371703,0.4179862951250617,0.0021892569738846124
wav2vec2_1h_layer6_hf_cuda,0.6661615948006385,0.273559276082843,0.6698167880658898,0.28128496056040664,0.0021256068008738945
wav2vec2_1h_layer9_hf_cuda,0.6051086013894235,0.23689198571112635,0.6166866926060378,0.2432229879235439,0.002180745698248985
